#node1	node2	node1_string_id	node2_string_id	neighborhood_on_chromosome	gene_fusion	phylogenetic_cooccurrence	homology	coexpression	experimentally_determined_interaction	database_annotated	automated_textmining	combined_score
ABCA7	APOE	9606.ENSP00000263094	9606.ENSP00000252486	0	0	0	0	0.047	0	0	0.773	0.774
ABCA7	SORL1	9606.ENSP00000263094	9606.ENSP00000260197	0	0	0	0	0.083	0	0	0.833	0.841
ABCA7	TREM2	9606.ENSP00000263094	9606.ENSP00000362205	0	0	0	0	0.056	0	0	0.772	0.775
ABCA7	PSEN2	9606.ENSP00000263094	9606.ENSP00000355747	0	0	0	0	0	0	0	0.803	0.803
ACE	APOE	9606.ENSP00000290866	9606.ENSP00000252486	0	0	0	0	0.049	0	0	0.875	0.876
ACE	ATP6AP2	9606.ENSP00000290866	9606.ENSP00000490083	0	0	0	0	0	0	0	0.722	0.722
ACE	IL6	9606.ENSP00000290866	9606.ENSP00000385675	0	0	0	0	0	0	0	0.776	0.776
ACE	MTHFR	9606.ENSP00000290866	9606.ENSP00000365770	0	0	0	0	0	0	0	0.818	0.818
AFG3L2	SPG7	9606.ENSP00000269143	9606.ENSP00000495795	0	0	0.101	0.875	0.096	0	0.540	0.926	0.968
APOE	TTR	9606.ENSP00000252486	9606.ENSP00000237014	0	0	0	0	0.092	0	0.500	0.903	0.952
APOE	PRNP	9606.ENSP00000252486	9606.ENSP00000399376	0	0	0	0	0.049	0.062	0	0.709	0.717
APOE	XPR1	9606.ENSP00000252486	9606.ENSP00000356562	0	0	0	0	0	0	0	0.794	0.794
APOE	SCARB2	9606.ENSP00000252486	9606.ENSP00000264896	0	0	0	0	0.102	0	0	0.784	0.797
APOE	IL6	9606.ENSP00000252486	9606.ENSP00000385675	0	0	0	0	0	0	0	0.835	0.835
APOE	MTHFR	9606.ENSP00000252486	9606.ENSP00000365770	0	0	0	0	0	0	0	0.843	0.843
APOE	LRP10	9606.ENSP00000252486	9606.ENSP00000352601	0	0	0	0	0	0	0.400	0.797	0.872
APOE	PSEN1	9606.ENSP00000252486	9606.ENSP00000326366	0	0	0	0	0	0	0	0.956	0.956
APOE	PSEN2	9606.ENSP00000252486	9606.ENSP00000355747	0	0	0	0	0.044	0	0	0.961	0.961
APOE	MAPT	9606.ENSP00000252486	9606.ENSP00000340820	0	0	0	0	0.044	0.701	0	0.973	0.991
APOE	SNCA	9606.ENSP00000252486	9606.ENSP00000500990	0	0	0	0	0.060	0.785	0.500	0.967	0.996
APOE	TREM2	9606.ENSP00000252486	9606.ENSP00000362205	0	0	0	0	0.181	0.584	0	0.994	0.997
APOE	SORL1	9606.ENSP00000252486	9606.ENSP00000260197	0	0	0	0	0.042	0.600	0	0.995	0.997
APOE	APP	9606.ENSP00000252486	9606.ENSP00000284981	0	0	0	0	0.068	0.837	0.720	0.999	0.999
APP	TTR	9606.ENSP00000284981	9606.ENSP00000237014	0	0	0	0	0	0.712	0.400	0.907	0.982
APP	TARDBP	9606.ENSP00000284981	9606.ENSP00000240185	0	0	0	0	0.042	0.047	0	0.880	0.881
APP	GFAP	9606.ENSP00000284981	9606.ENSP00000253408	0	0	0	0	0.067	0.087	0	0.753	0.772
APP	SORL1	9606.ENSP00000284981	9606.ENSP00000260197	0	0	0	0	0.060	0.835	0.900	0.994	0.999
APP	SOD1	9606.ENSP00000284981	9606.ENSP00000270142	0	0	0	0	0.042	0	0	0.802	0.802
APP	UCHL1	9606.ENSP00000284981	9606.ENSP00000284440	0	0	0	0	0.090	0.536	0	0.447	0.746
APP	PARK7	9606.ENSP00000284981	9606.ENSP00000340278	0	0	0	0	0.048	0.074	0	0.720	0.731
APP	C9orf72	9606.ENSP00000284981	9606.ENSP00000482753	0	0	0	0	0	0	0	0.749	0.749
APP	FMR1	9606.ENSP00000284981	9606.ENSP00000359506	0	0	0	0	0.044	0.108	0	0.764	0.782
APP	PRKN	9606.ENSP00000284981	9606.ENSP00000355865	0	0	0	0	0	0.479	0	0.735	0.856
APP	NEFL	9606.ENSP00000284981	9606.ENSP00000482169	0	0	0	0	0.070	0.415	0	0.765	0.861
APP	TREM2	9606.ENSP00000284981	9606.ENSP00000362205	0	0	0	0	0	0.359	0	0.853	0.901
APP	PSEN2	9606.ENSP00000284981	9606.ENSP00000355747	0	0	0	0	0.049	0.339	0	0.954	0.969
APP	SNCA	9606.ENSP00000284981	9606.ENSP00000500990	0	0	0	0	0.066	0.780	0.400	0.953	0.993
APP	MAPT	9606.ENSP00000284981	9606.ENSP00000340820	0	0	0	0	0	0.697	0	0.985	0.995
APP	PRNP	9606.ENSP00000284981	9606.ENSP00000399376	0	0	0	0	0.121	0.790	0.500	0.984	0.998
APP	PSEN1	9606.ENSP00000284981	9606.ENSP00000326366	0	0	0	0	0.049	0.981	0	0.991	0.999
ARSA	SMPD1	9606.ENSP00000216124	9606.ENSP00000340409	0	0	0	0	0.196	0	0	0.642	0.700
ARSA	PSAP	9606.ENSP00000216124	9606.ENSP00000378394	0	0	0	0	0.062	0	0	0.911	0.913
ARSA	GLA	9606.ENSP00000216124	9606.ENSP00000218516	0	0	0	0	0.052	0	0.900	0.753	0.974
ARSA	GALC	9606.ENSP00000216124	9606.ENSP00000261304	0	0	0	0	0	0	0.900	0.859	0.985
ATP13A2	DNAJC13	9606.ENSP00000327214	9606.ENSP00000260818	0	0	0	0	0.055	0	0	0.730	0.734
ATP13A2	FBXO7	9606.ENSP00000327214	9606.ENSP00000266087	0	0	0	0	0.057	0	0	0.883	0.885
ATP13A2	SLC6A3	9606.ENSP00000327214	9606.ENSP00000270349	0	0	0	0	0	0	0	0.816	0.816
ATP13A2	LRRK2	9606.ENSP00000327214	9606.ENSP00000298910	0	0	0	0	0	0.071	0	0.843	0.848
ATP13A2	VPS35	9606.ENSP00000327214	9606.ENSP00000299138	0	0	0	0	0	0.069	0	0.852	0.856
ATP13A2	GBA	9606.ENSP00000327214	9606.ENSP00000314508	0	0	0	0	0.060	0	0	0.869	0.871
ATP13A2	MAPT	9606.ENSP00000327214	9606.ENSP00000340820	0	0	0	0	0	0.053	0	0.721	0.724
ATP13A2	GIGYF2	9606.ENSP00000327214	9606.ENSP00000387170	0	0	0	0	0.105	0.050	0	0.702	0.724
ATP13A2	SYNJ1	9606.ENSP00000327214	9606.ENSP00000409667	0	0	0	0	0.046	0.049	0	0.730	0.734
ATP13A2	VPS13C	9606.ENSP00000327214	9606.ENSP00000493560	0	0	0	0	0.111	0.071	0	0.759	0.783
ATP13A2	C19orf12	9606.ENSP00000327214	9606.ENSP00000376103	0	0	0	0	0.049	0	0	0.782	0.783
ATP13A2	DNAJC6	9606.ENSP00000327214	9606.ENSP00000360108	0	0	0	0	0.119	0.071	0	0.763	0.789
ATP13A2	PRKN	9606.ENSP00000327214	9606.ENSP00000355865	0	0	0	0	0	0	0	0.836	0.836
ATP13A2	PLA2G6	9606.ENSP00000327214	9606.ENSP00000333142	0	0	0	0	0.067	0	0	0.840	0.844
ATP13A2	PINK1	9606.ENSP00000327214	9606.ENSP00000364204	0	0	0	0	0.062	0	0	0.922	0.924
ATP13A2	SNCA	9606.ENSP00000327214	9606.ENSP00000500990	0	0	0	0	0.063	0	0	0.940	0.941
ATP13A2	PARK7	9606.ENSP00000327214	9606.ENSP00000340278	0.041	0	0	0	0	0	0	0.957	0.957
ATP1A3	TOR1A	9606.ENSP00000444688	9606.ENSP00000345719	0	0	0	0	0	0	0	0.713	0.713
ATP7B	CP	9606.ENSP00000242839	9606.ENSP00000264613	0.079	0	0	0	0.184	0	0.253	0.968	0.979
ATXN2	TARDBP	9606.ENSP00000446576	9606.ENSP00000240185	0	0	0	0	0.085	0.507	0	0.984	0.992
ATXN2	FUS	9606.ENSP00000446576	9606.ENSP00000254108	0	0	0	0	0.071	0.095	0	0.917	0.924
ATXN2	LRRK2	9606.ENSP00000446576	9606.ENSP00000298910	0	0	0	0	0	0.314	0	0.770	0.835
ATXN2	UBQLN2	9606.ENSP00000446576	9606.ENSP00000345195	0	0	0	0	0.053	0	0	0.776	0.779
ATXN2	FMR1	9606.ENSP00000446576	9606.ENSP00000359506	0	0	0	0	0.049	0.259	0	0.871	0.901
ATXN2	CHCHD10	9606.ENSP00000446576	9606.ENSP00000384973	0	0	0	0	0	0	0	0.729	0.729
ATXN2	GIGYF2	9606.ENSP00000446576	9606.ENSP00000387170	0	0	0	0	0.343	0.091	0	0.576	0.725
ATXN2	EIF4G1	9606.ENSP00000446576	9606.ENSP00000416255	0	0	0	0	0.058	0.096	0	0.705	0.727
ATXN2	VAPB	9606.ENSP00000446576	9606.ENSP00000417175	0	0	0	0	0.049	0	0	0.728	0.731
ATXN2	C9orf72	9606.ENSP00000446576	9606.ENSP00000482753	0	0	0	0	0	0	0	0.856	0.856
ATXN2	CACNA1A	9606.ENSP00000446576	9606.ENSP00000489829	0	0	0	0	0.066	0	0	0.855	0.858
ATXN2	ATXN3	9606.ENSP00000446576	9606.ENSP00000496695	0	0	0	0	0.063	0	0.900	0.939	0.993
ATXN3	STUB1	9606.ENSP00000496695	9606.ENSP00000219548	0	0	0	0	0	0.830	0	0.905	0.983
ATXN3	VCP	9606.ENSP00000496695	9606.ENSP00000351777	0	0	0	0	0.055	0.937	0.700	0.992	0.999
ATXN3	PRKN	9606.ENSP00000496695	9606.ENSP00000355865	0	0	0	0	0	0.780	0.900	0.841	0.996
ATXN3	CACNA1A	9606.ENSP00000496695	9606.ENSP00000489829	0	0	0	0	0.083	0	0	0.797	0.805
ATXN3	SNCA	9606.ENSP00000496695	9606.ENSP00000500990	0	0	0	0	0	0	0	0.722	0.722
C19orf12	FA2H	9606.ENSP00000376103	9606.ENSP00000219368	0	0	0	0	0	0	0	0.853	0.853
C19orf12	PANK2	9606.ENSP00000376103	9606.ENSP00000313377	0	0	0	0	0.107	0	0	0.810	0.823
C19orf12	PLA2G6	9606.ENSP00000376103	9606.ENSP00000333142	0	0	0	0	0.049	0.079	0	0.810	0.819
C19orf12	WDR45	9606.ENSP00000376103	9606.ENSP00000348848	0	0	0	0	0.049	0	0	0.737	0.739
C19orf12	DCAF17	9606.ENSP00000376103	9606.ENSP00000364404	0	0	0	0	0.067	0	0	0.771	0.778
C19orf12	COASY	9606.ENSP00000376103	9606.ENSP00000464814	0	0	0	0	0.049	0	0	0.722	0.724
C9orf72	GRN	9606.ENSP00000482753	9606.ENSP00000053867	0	0	0	0	0	0	0	0.887	0.887
C9orf72	TARDBP	9606.ENSP00000482753	9606.ENSP00000240185	0	0	0	0	0	0	0	0.943	0.943
C9orf72	FUS	9606.ENSP00000482753	9606.ENSP00000254108	0	0	0	0	0	0.166	0	0.919	0.929
C9orf72	CHMP2B	9606.ENSP00000482753	9606.ENSP00000263780	0	0	0	0	0.167	0	0	0.825	0.848
C9orf72	SOD1	9606.ENSP00000482753	9606.ENSP00000270142	0	0	0	0	0	0	0	0.897	0.897
C9orf72	TBK1	9606.ENSP00000482753	9606.ENSP00000329967	0	0	0	0	0.129	0.292	0	0.823	0.881
C9orf72	MAPT	9606.ENSP00000482753	9606.ENSP00000340820	0	0	0	0	0	0	0	0.851	0.851
C9orf72	UBQLN2	9606.ENSP00000482753	9606.ENSP00000345195	0	0	0	0	0	0	0	0.871	0.871
C9orf72	VCP	9606.ENSP00000482753	9606.ENSP00000351777	0	0	0	0	0.071	0	0	0.852	0.856
C9orf72	RAB29	9606.ENSP00000482753	9606.ENSP00000356107	0	0	0	0	0	0	0	0.786	0.786
C9orf72	RAB39B	9606.ENSP00000482753	9606.ENSP00000358466	0	0	0	0	0.060	0.624	0.900	0.576	0.983
C9orf72	OPTN	9606.ENSP00000482753	9606.ENSP00000368022	0	0	0	0	0	0	0	0.774	0.774
C9orf72	SQSTM1	9606.ENSP00000482753	9606.ENSP00000374455	0	0	0	0	0	0	0	0.820	0.820
C9orf72	CHCHD10	9606.ENSP00000482753	9606.ENSP00000384973	0	0	0	0	0	0	0	0.720	0.720
C9orf72	VAPB	9606.ENSP00000482753	9606.ENSP00000417175	0	0	0	0	0	0	0	0.746	0.746
CACNA1A	TBP	9606.ENSP00000489829	9606.ENSP00000230354	0	0	0	0	0	0	0	0.777	0.777
CHCHD10	TARDBP	9606.ENSP00000384973	9606.ENSP00000240185	0	0	0	0	0.055	0	0	0.711	0.715
CHCHD10	UBQLN2	9606.ENSP00000384973	9606.ENSP00000345195	0	0	0	0	0.054	0	0	0.702	0.706
CHCHD10	VCP	9606.ENSP00000384973	9606.ENSP00000351777	0	0	0	0	0.086	0	0	0.700	0.714
CHCHD10	CHCHD2	9606.ENSP00000384973	9606.ENSP00000378812	0	0	0.072	0.933	0.048	0.698	0.400	0.409	0.888
CHCHD2	FBXO7	9606.ENSP00000378812	9606.ENSP00000266087	0	0	0	0	0.049	0.292	0	0.697	0.778
CHCHD2	VPS35	9606.ENSP00000378812	9606.ENSP00000299138	0	0	0	0	0.055	0	0	0.725	0.729
CHCHD2	PLA2G6	9606.ENSP00000378812	9606.ENSP00000333142	0	0	0	0	0	0	0	0.743	0.743
CHCHD2	PARK7	9606.ENSP00000378812	9606.ENSP00000340278	0	0	0	0	0.247	0.071	0	0.653	0.736
CHCHD2	TMEM230	9606.ENSP00000378812	9606.ENSP00000341364	0	0	0	0	0.081	0	0	0.695	0.707
CHMP2B	GRN	9606.ENSP00000263780	9606.ENSP00000053867	0	0	0	0	0.058	0	0	0.820	0.823
CHMP2B	FIG4	9606.ENSP00000263780	9606.ENSP00000230124	0	0	0	0	0.060	0	0	0.765	0.769
CHMP2B	TARDBP	9606.ENSP00000263780	9606.ENSP00000240185	0	0	0	0	0.047	0	0	0.851	0.852
CHMP2B	TUBA4A	9606.ENSP00000263780	9606.ENSP00000248437	0	0	0	0	0.044	0	0.500	0.433	0.705
CHMP2B	FUS	9606.ENSP00000263780	9606.ENSP00000254108	0	0	0	0	0.053	0	0	0.777	0.780
CHMP2B	TBK1	9606.ENSP00000263780	9606.ENSP00000329967	0	0	0	0	0.174	0	0	0.682	0.727
CHMP2B	SPAST	9606.ENSP00000263780	9606.ENSP00000320885	0	0	0	0	0.100	0	0.500	0.447	0.729
CHMP2B	VAPB	9606.ENSP00000263780	9606.ENSP00000417175	0	0	0	0	0.067	0	0	0.728	0.736
CHMP2B	MAPT	9606.ENSP00000263780	9606.ENSP00000340820	0	0	0	0	0	0	0	0.745	0.745
CHMP2B	UBQLN2	9606.ENSP00000263780	9606.ENSP00000345195	0	0	0	0	0.074	0	0	0.767	0.775
CHMP2B	SQSTM1	9606.ENSP00000263780	9606.ENSP00000374455	0	0	0	0	0.049	0.335	0	0.678	0.778
CHMP2B	VCP	9606.ENSP00000263780	9606.ENSP00000351777	0	0	0	0	0.100	0	0	0.848	0.858
CLN3	DNAJC5	9606.ENSP00000454229	9606.ENSP00000354111	0	0	0	0	0.060	0.054	0	0.911	0.914
COASY	FA2H	9606.ENSP00000464814	9606.ENSP00000219368	0	0	0	0	0.044	0	0	0.716	0.717
COASY	PANK2	9606.ENSP00000464814	9606.ENSP00000313377	0	0	0	0	0.049	0.081	0.900	0.816	0.981
COASY	WDR45	9606.ENSP00000464814	9606.ENSP00000348848	0	0	0	0	0.067	0	0	0.708	0.716
COASY	DCAF17	9606.ENSP00000464814	9606.ENSP00000364404	0	0	0	0	0.049	0	0	0.767	0.769
COMT	SLC6A3	9606.ENSP00000354511	9606.ENSP00000270349	0	0	0	0	0	0	0	0.917	0.917
COMT	DRD3	9606.ENSP00000354511	9606.ENSP00000373169	0	0	0	0	0	0	0	0.783	0.783
COMT	TH	9606.ENSP00000354511	9606.ENSP00000370571	0	0	0	0	0	0	0	0.789	0.789
COMT	MTHFR	9606.ENSP00000354511	9606.ENSP00000365770	0	0	0	0	0	0	0	0.791	0.791
COMT	DDC	9606.ENSP00000354511	9606.ENSP00000403644	0	0	0	0	0.067	0	0.900	0.813	0.981
COMT	MAOB	9606.ENSP00000354511	9606.ENSP00000367309	0	0	0	0	0	0	0.910	0.966	0.996
COQ2	PARK7	9606.ENSP00000310873	9606.ENSP00000340278	0	0	0	0	0.053	0	0.807	0.299	0.860
COQ2	NUS1	9606.ENSP00000310873	9606.ENSP00000357480	0.119	0	0	0	0.050	0	0.792	0.391	0.879
CP	TTR	9606.ENSP00000264613	9606.ENSP00000237014	0	0	0	0	0.097	0	0	0.817	0.827
CSF1R	IL6	9606.ENSP00000286301	9606.ENSP00000385675	0	0	0	0	0.100	0	0	0.764	0.779
CSF1R	TREM2	9606.ENSP00000286301	9606.ENSP00000362205	0	0	0	0	0.296	0	0	0.805	0.857
CSF1R	PDGFB	9606.ENSP00000286301	9606.ENSP00000330382	0	0	0	0	0.110	0	0.650	0.607	0.866
DCAF17	FA2H	9606.ENSP00000364404	9606.ENSP00000219368	0	0	0	0	0	0	0	0.718	0.718
DCAF17	PANK2	9606.ENSP00000364404	9606.ENSP00000313377	0	0	0	0	0.085	0	0	0.735	0.747
DCAF17	WDR45	9606.ENSP00000364404	9606.ENSP00000348848	0	0	0	0	0	0	0	0.714	0.714
DCTN1	FIG4	9606.ENSP00000354791	9606.ENSP00000230124	0	0	0	0	0.055	0	0	0.771	0.775
DCTN1	TARDBP	9606.ENSP00000354791	9606.ENSP00000240185	0	0	0	0	0.049	0.079	0	0.781	0.791
DCTN1	FUS	9606.ENSP00000354791	9606.ENSP00000254108	0	0	0	0	0.047	0	0	0.744	0.746
DCTN1	SOD1	9606.ENSP00000354791	9606.ENSP00000270142	0	0	0	0	0.044	0	0.650	0.602	0.855
DCTN1	MAPT	9606.ENSP00000354791	9606.ENSP00000340820	0	0	0	0	0.055	0.642	0	0.502	0.817
DCTN1	VCP	9606.ENSP00000354791	9606.ENSP00000351777	0	0	0	0	0.082	0	0	0.894	0.899
DCTN1	SQSTM1	9606.ENSP00000354791	9606.ENSP00000374455	0	0	0	0	0.042	0	0.500	0.571	0.776
DCTN1	VAPB	9606.ENSP00000354791	9606.ENSP00000417175	0	0	0	0	0.095	0.073	0	0.780	0.799
DCTN1	OPTN	9606.ENSP00000354791	9606.ENSP00000368022	0	0	0	0	0.047	0	0.500	0.719	0.854
DDC	SLC6A3	9606.ENSP00000403644	9606.ENSP00000270349	0.042	0	0	0	0.055	0	0	0.860	0.862
DDC	MAOB	9606.ENSP00000403644	9606.ENSP00000367309	0	0	0	0	0.048	0.067	0.900	0.872	0.987
DDC	TH	9606.ENSP00000403644	9606.ENSP00000370571	0	0	0	0	0.079	0.071	0.914	0.943	0.995
DDC	GCH1	9606.ENSP00000403644	9606.ENSP00000477796	0	0	0	0	0.055	0	0	0.717	0.721
DDC	SLC18A2	9606.ENSP00000403644	9606.ENSP00000496339	0	0	0	0	0	0.095	0	0.965	0.967
DNAJB6	STUB1	9606.ENSP00000262177	9606.ENSP00000219548	0	0	0	0	0.087	0.730	0	0.702	0.920
DNAJC13	VPS13C	9606.ENSP00000260818	9606.ENSP00000493560	0	0	0	0	0.125	0	0	0.691	0.718
DNAJC13	TMEM230	9606.ENSP00000260818	9606.ENSP00000341364	0	0	0	0	0.044	0	0	0.730	0.731
DNAJC13	SYNJ1	9606.ENSP00000260818	9606.ENSP00000409667	0	0	0	0	0.093	0	0	0.727	0.742
DNAJC13	DNAJC6	9606.ENSP00000260818	9606.ENSP00000360108	0	0	0	0	0.111	0	0	0.810	0.824
DNAJC13	VPS35	9606.ENSP00000260818	9606.ENSP00000299138	0	0	0	0	0.151	0.292	0	0.904	0.937
DNAJC5	STUB1	9606.ENSP00000354111	9606.ENSP00000219548	0	0	0	0	0.083	0.603	0	0.600	0.841
DNAJC6	FBXO7	9606.ENSP00000360108	9606.ENSP00000266087	0	0	0	0	0.053	0	0	0.760	0.763
DNAJC6	VPS35	9606.ENSP00000360108	9606.ENSP00000299138	0	0	0	0	0.119	0.067	0	0.796	0.817
DNAJC6	PLA2G6	9606.ENSP00000360108	9606.ENSP00000333142	0	0	0	0	0.058	0	0	0.738	0.743
DNAJC6	PRKN	9606.ENSP00000360108	9606.ENSP00000355865	0	0	0	0	0.050	0.055	0	0.718	0.725
DNAJC6	PINK1	9606.ENSP00000360108	9606.ENSP00000364204	0	0	0	0	0.063	0	0	0.719	0.725
DNAJC6	VPS13C	9606.ENSP00000360108	9606.ENSP00000493560	0	0	0	0	0	0.095	0	0.747	0.762
DNAJC6	SYNJ1	9606.ENSP00000360108	9606.ENSP00000409667	0	0	0	0	0.086	0.070	0	0.906	0.913
DNM1L	LRRK2	9606.ENSP00000449089	9606.ENSP00000298910	0	0	0	0	0.054	0.820	0	0.696	0.943
DNM1L	VPS35	9606.ENSP00000449089	9606.ENSP00000299138	0	0	0	0	0.155	0.292	0	0.846	0.900
DNM1L	PARK7	9606.ENSP00000449089	9606.ENSP00000340278	0	0	0	0	0.049	0.081	0	0.711	0.726
DNM1L	PRKN	9606.ENSP00000449089	9606.ENSP00000355865	0	0	0	0	0	0.666	0	0.830	0.940
DNM1L	PINK1	9606.ENSP00000449089	9606.ENSP00000364204	0	0	0	0	0.058	0.497	0	0.898	0.947
DNM1L	MFN2	9606.ENSP00000449089	9606.ENSP00000416338	0	0	0	0	0.114	0.342	0	0.976	0.984
DRD3	SLC6A3	9606.ENSP00000373169	9606.ENSP00000270349	0	0	0	0	0.054	0.052	0	0.778	0.784
EIF4G1	FBXO7	9606.ENSP00000416255	9606.ENSP00000266087	0	0	0	0	0.101	0.292	0	0.623	0.739
EIF4G1	VPS35	9606.ENSP00000416255	9606.ENSP00000299138	0	0	0	0	0.055	0	0	0.897	0.899
EIF4G1	FMR1	9606.ENSP00000416255	9606.ENSP00000359506	0	0	0	0	0.059	0.126	0	0.849	0.865
EIF4G1	PINK1	9606.ENSP00000416255	9606.ENSP00000364204	0	0	0	0	0.042	0.070	0	0.711	0.720
EIF4G1	GIGYF2	9606.ENSP00000416255	9606.ENSP00000387170	0	0	0	0	0.270	0	0	0.609	0.702
FA2H	PANK2	9606.ENSP00000219368	9606.ENSP00000313377	0	0	0	0	0	0	0	0.736	0.736
FBXO7	HTRA2	9606.ENSP00000266087	9606.ENSP00000258080	0	0	0	0	0.064	0	0	0.773	0.778
FBXO7	UCHL1	9606.ENSP00000266087	9606.ENSP00000284440	0	0	0	0	0.047	0	0	0.776	0.777
FBXO7	GBA	9606.ENSP00000266087	9606.ENSP00000314508	0	0	0	0	0.049	0	0	0.784	0.786
FBXO7	SNCA	9606.ENSP00000266087	9606.ENSP00000500990	0	0	0	0	0.391	0	0	0.669	0.789
FBXO7	LRRK2	9606.ENSP00000266087	9606.ENSP00000298910	0	0	0	0	0.047	0.091	0	0.808	0.819
FBXO7	VPS35	9606.ENSP00000266087	9606.ENSP00000299138	0	0	0	0	0.049	0	0	0.843	0.845
FBXO7	PARK7	9606.ENSP00000266087	9606.ENSP00000340278	0	0	0	0	0.049	0	0	0.863	0.864
FBXO7	GIGYF2	9606.ENSP00000266087	9606.ENSP00000387170	0	0	0	0	0.164	0.126	0	0.857	0.886
FBXO7	PLA2G6	9606.ENSP00000266087	9606.ENSP00000333142	0	0	0	0	0.045	0	0	0.897	0.897
FBXO7	PRKN	9606.ENSP00000266087	9606.ENSP00000355865	0	0	0	0	0	0.331	0	0.882	0.917
FBXO7	PINK1	9606.ENSP00000266087	9606.ENSP00000364204	0	0	0	0	0.149	0.510	0	0.989	0.995
FIG4	UBQLN2	9606.ENSP00000230124	9606.ENSP00000345195	0	0	0	0	0.082	0	0	0.709	0.721
FIG4	FUS	9606.ENSP00000230124	9606.ENSP00000254108	0	0	0	0	0	0	0	0.737	0.737
FIG4	OPTN	9606.ENSP00000230124	9606.ENSP00000368022	0	0	0	0	0.042	0	0	0.738	0.738
FIG4	SOD1	9606.ENSP00000230124	9606.ENSP00000270142	0	0	0	0	0	0	0	0.739	0.739
FIG4	SQSTM1	9606.ENSP00000230124	9606.ENSP00000374455	0	0	0	0	0	0	0	0.755	0.755
FIG4	LAMP2	9606.ENSP00000230124	9606.ENSP00000408411	0	0	0	0	0.063	0	0	0.819	0.823
FIG4	TARDBP	9606.ENSP00000230124	9606.ENSP00000240185	0	0	0	0	0	0	0	0.835	0.835
FIG4	VAPB	9606.ENSP00000230124	9606.ENSP00000417175	0	0	0	0	0.049	0	0	0.842	0.844
FMR1	TARDBP	9606.ENSP00000359506	9606.ENSP00000240185	0	0	0	0	0.054	0.091	0	0.949	0.953
FMR1	FUS	9606.ENSP00000359506	9606.ENSP00000254108	0	0	0	0	0.044	0.332	0	0.747	0.824
FTL	PANK2	9606.ENSP00000366525	9606.ENSP00000313377	0	0	0	0	0	0	0	0.907	0.907
FTL	PLA2G6	9606.ENSP00000366525	9606.ENSP00000333142	0	0	0	0	0	0	0	0.906	0.906
FUS	GRN	9606.ENSP00000254108	9606.ENSP00000053867	0	0	0	0	0.054	0	0	0.696	0.700
FUS	TARDBP	9606.ENSP00000254108	9606.ENSP00000240185	0	0	0	0	0.207	0.730	0	0.999	0.999
FUS	SQSTM1	9606.ENSP00000254108	9606.ENSP00000374455	0	0	0	0	0.042	0.292	0	0.722	0.795
FUS	VCP	9606.ENSP00000254108	9606.ENSP00000351777	0	0	0	0	0.097	0.156	0	0.797	0.832
FUS	VAPB	9606.ENSP00000254108	9606.ENSP00000417175	0	0	0	0	0.113	0	0	0.834	0.847
FUS	MAPT	9606.ENSP00000254108	9606.ENSP00000340820	0	0	0	0	0	0.295	0	0.888	0.918
FUS	OPTN	9606.ENSP00000254108	9606.ENSP00000368022	0	0	0	0	0.042	0.192	0	0.939	0.948
FUS	UBQLN2	9606.ENSP00000254108	9606.ENSP00000345195	0	0	0	0	0.049	0.303	0	0.934	0.952
FUS	SOD1	9606.ENSP00000254108	9606.ENSP00000270142	0	0	0	0	0.087	0	0	0.992	0.992
GALC	GLA	9606.ENSP00000261304	9606.ENSP00000218516	0	0	0	0	0.042	0	0.900	0.771	0.976
GALC	GFAP	9606.ENSP00000261304	9606.ENSP00000253408	0	0	0	0	0	0	0	0.702	0.702
GALC	PSAP	9606.ENSP00000261304	9606.ENSP00000378394	0	0	0	0	0.044	0.602	0	0.851	0.938
GALC	SMPD1	9606.ENSP00000261304	9606.ENSP00000340409	0	0	0	0	0	0	0.900	0.729	0.971
GALC	GBA	9606.ENSP00000261304	9606.ENSP00000314508	0	0	0	0	0.044	0	0.900	0.796	0.978
GBA	GLA	9606.ENSP00000314508	9606.ENSP00000218516	0	0	0	0	0.138	0	0	0.803	0.823
GBA	SCARB2	9606.ENSP00000314508	9606.ENSP00000264896	0	0	0	0	0.116	0.197	0	0.970	0.976
GBA	UCHL1	9606.ENSP00000314508	9606.ENSP00000284440	0	0	0	0	0.103	0	0	0.690	0.710
GBA	LRRK2	9606.ENSP00000314508	9606.ENSP00000298910	0	0	0	0	0.051	0	0	0.922	0.922
GBA	VPS35	9606.ENSP00000314508	9606.ENSP00000299138	0	0	0	0	0.049	0	0	0.755	0.757
GBA	PARK7	9606.ENSP00000314508	9606.ENSP00000340278	0	0	0	0	0.042	0	0	0.744	0.745
GBA	PLA2G6	9606.ENSP00000314508	9606.ENSP00000333142	0	0	0	0	0	0	0	0.751	0.751
GBA	PINK1	9606.ENSP00000314508	9606.ENSP00000364204	0	0	0	0	0.056	0	0	0.756	0.760
GBA	PRKN	9606.ENSP00000314508	9606.ENSP00000355865	0	0	0	0	0	0.292	0	0.879	0.911
GBA	SNCA	9606.ENSP00000314508	9606.ENSP00000500990	0	0	0	0	0	0.512	0	0.928	0.963
GBA	SMPD1	9606.ENSP00000314508	9606.ENSP00000340409	0	0	0	0	0.200	0	0.900	0.781	0.980
GBA	PSAP	9606.ENSP00000314508	9606.ENSP00000378394	0	0	0	0	0.085	0.094	0.900	0.910	0.991
GCH1	SPR	9606.ENSP00000477796	9606.ENSP00000234454	0.057	0	0	0	0	0.099	0	0.858	0.869
GCH1	TOR1A	9606.ENSP00000477796	9606.ENSP00000345719	0	0	0	0	0.043	0.079	0	0.793	0.801
GCH1	TH	9606.ENSP00000477796	9606.ENSP00000370571	0	0	0	0	0	0.265	0	0.915	0.935
GCH1	SGCE	9606.ENSP00000477796	9606.ENSP00000496268	0	0	0	0	0	0	0	0.835	0.835
GFAP	PSEN1	9606.ENSP00000253408	9606.ENSP00000326366	0	0	0	0	0	0.292	0	0.595	0.701
GFAP	SOD1	9606.ENSP00000253408	9606.ENSP00000270142	0	0	0	0	0	0	0	0.718	0.718
GFAP	NEFL	9606.ENSP00000253408	9606.ENSP00000482169	0	0	0	0.867	0.191	0.635	0	0.148	0.726
GFAP	MAPT	9606.ENSP00000253408	9606.ENSP00000340820	0	0	0	0	0.216	0.187	0	0.630	0.743
GFAP	IL6	9606.ENSP00000253408	9606.ENSP00000385675	0	0	0	0	0.080	0	0	0.772	0.782
GFAP	TH	9606.ENSP00000253408	9606.ENSP00000370571	0	0	0	0	0.087	0	0	0.775	0.786
GIGYF2	HTRA2	9606.ENSP00000387170	9606.ENSP00000258080	0	0	0	0	0.042	0	0	0.794	0.794
GIGYF2	UCHL1	9606.ENSP00000387170	9606.ENSP00000284440	0	0	0	0	0.104	0	0	0.790	0.804
GIGYF2	LRRK2	9606.ENSP00000387170	9606.ENSP00000298910	0	0	0	0	0	0.292	0	0.732	0.802
GIGYF2	PLA2G6	9606.ENSP00000387170	9606.ENSP00000333142	0	0	0	0	0	0	0	0.801	0.801
GIGYF2	PARK7	9606.ENSP00000387170	9606.ENSP00000340278	0	0	0	0	0.044	0	0	0.727	0.727
GIGYF2	PINK1	9606.ENSP00000387170	9606.ENSP00000364204	0	0	0	0	0	0	0	0.721	0.721
GIGYF2	SNCA	9606.ENSP00000387170	9606.ENSP00000500990	0	0	0	0	0	0	0	0.769	0.769
GLA	SMPD1	9606.ENSP00000218516	9606.ENSP00000340409	0	0	0	0	0	0	0	0.703	0.703
GLA	PSAP	9606.ENSP00000218516	9606.ENSP00000378394	0	0	0	0	0.081	0	0	0.767	0.776
GRN	VCP	9606.ENSP00000053867	9606.ENSP00000351777	0	0	0	0	0.075	0.127	0	0.729	0.762
GRN	PSAP	9606.ENSP00000053867	9606.ENSP00000378394	0	0	0	0	0.435	0.436	0	0.586	0.856
GRN	MAPT	9606.ENSP00000053867	9606.ENSP00000340820	0	0	0	0	0	0	0	0.885	0.885
GRN	TARDBP	9606.ENSP00000053867	9606.ENSP00000240185	0	0	0	0	0.044	0	0	0.958	0.958
HCRT	TH	9606.ENSP00000293330	9606.ENSP00000370571	0	0	0	0	0.103	0	0	0.743	0.760
HTRA2	SNCA	9606.ENSP00000258080	9606.ENSP00000500990	0	0	0	0	0.043	0	0	0.719	0.719
HTRA2	UCHL1	9606.ENSP00000258080	9606.ENSP00000284440	0	0	0	0	0.047	0	0	0.721	0.722
HTRA2	PARK7	9606.ENSP00000258080	9606.ENSP00000340278	0	0	0	0	0.074	0	0	0.713	0.722
HTRA2	PLA2G6	9606.ENSP00000258080	9606.ENSP00000333142	0	0	0	0	0.049	0	0	0.751	0.753
HTRA2	PSEN1	9606.ENSP00000258080	9606.ENSP00000326366	0	0	0	0	0.044	0.230	0	0.812	0.849
HTRA2	PRKN	9606.ENSP00000258080	9606.ENSP00000355865	0	0	0	0	0	0.314	0	0.819	0.871
HTRA2	PINK1	9606.ENSP00000258080	9606.ENSP00000364204	0	0	0	0	0.074	0.358	0.900	0.914	0.994
IL6	PDGFRB	9606.ENSP00000385675	9606.ENSP00000261799	0	0	0	0	0.080	0	0.650	0.698	0.894
IL6	SCARB2	9606.ENSP00000385675	9606.ENSP00000264896	0	0	0	0	0.084	0	0	0.696	0.709
LAMP2	UCHL1	9606.ENSP00000408411	9606.ENSP00000284440	0	0	0	0	0.042	0.532	0	0.394	0.704
LAMP2	PRKAG2	9606.ENSP00000408411	9606.ENSP00000287878	0	0	0	0	0.048	0	0	0.816	0.818
LAMP2	SQSTM1	9606.ENSP00000408411	9606.ENSP00000374455	0	0	0	0	0.056	0.292	0	0.867	0.903
LAMP2	SNCA	9606.ENSP00000408411	9606.ENSP00000500990	0	0	0	0	0.069	0.309	0	0.588	0.712
LRRK2	STUB1	9606.ENSP00000298910	9606.ENSP00000219548	0	0	0	0	0	0.811	0	0.352	0.872
LRRK2	TARDBP	9606.ENSP00000298910	9606.ENSP00000240185	0	0	0	0	0.087	0.314	0	0.698	0.794
LRRK2	SNCAIP	9606.ENSP00000298910	9606.ENSP00000261367	0	0	0	0	0	0.095	0	0.689	0.706
LRRK2	SLC6A3	9606.ENSP00000298910	9606.ENSP00000270349	0	0	0	0	0	0	0	0.749	0.749
LRRK2	UCHL1	9606.ENSP00000298910	9606.ENSP00000284440	0	0	0	0	0	0.306	0	0.784	0.844
LRRK2	MFN2	9606.ENSP00000298910	9606.ENSP00000416338	0	0	0	0	0.054	0.292	0	0.639	0.737
LRRK2	SYNJ1	9606.ENSP00000298910	9606.ENSP00000409667	0	0	0	0	0.068	0.510	0	0.599	0.800
LRRK2	SQSTM1	9606.ENSP00000298910	9606.ENSP00000374455	0	0	0	0	0.052	0.539	0	0.603	0.811
LRRK2	VPS35	9606.ENSP00000298910	9606.ENSP00000299138	0	0	0	0	0	0.331	0	0.862	0.904
LRRK2	MAPT	9606.ENSP00000298910	9606.ENSP00000340820	0	0	0	0	0	0.628	0	0.826	0.932
LRRK2	PINK1	9606.ENSP00000298910	9606.ENSP00000364204	0	0	0	0	0.048	0.046	0	0.954	0.955
LRRK2	SNCA	9606.ENSP00000298910	9606.ENSP00000500990	0	0	0	0	0.071	0.512	0	0.973	0.986
LRRK2	PRKN	9606.ENSP00000298910	9606.ENSP00000355865	0	0	0	0	0.066	0.299	0	0.981	0.986
LRRK2	PARK7	9606.ENSP00000298910	9606.ENSP00000340278	0	0	0	0	0	0.294	0	0.984	0.988
LRRK2	RAB29	9606.ENSP00000298910	9606.ENSP00000356107	0	0	0	0	0	0.628	0	0.989	0.995
MAOB	SLC6A3	9606.ENSP00000367309	9606.ENSP00000270349	0	0	0	0	0	0	0	0.882	0.882
MAOB	PRKN	9606.ENSP00000367309	9606.ENSP00000355865	0	0	0	0	0.049	0	0.900	0.716	0.970
MAOB	PINK1	9606.ENSP00000367309	9606.ENSP00000364204	0	0	0	0	0.120	0	0	0.720	0.743
MAOB	SLC18A2	9606.ENSP00000367309	9606.ENSP00000496339	0	0	0	0	0.042	0	0	0.791	0.792
MAOB	TH	9606.ENSP00000367309	9606.ENSP00000370571	0	0	0	0	0	0	0	0.792	0.792
MAOB	SNCA	9606.ENSP00000367309	9606.ENSP00000500990	0	0	0	0	0.042	0	0	0.815	0.815
MAPT	STUB1	9606.ENSP00000340820	9606.ENSP00000219548	0	0	0	0	0	0.907	0	0.423	0.944
MAPT	TARDBP	9606.ENSP00000340820	9606.ENSP00000240185	0	0	0	0	0	0.049	0	0.970	0.970
MAPT	TUBA4A	9606.ENSP00000340820	9606.ENSP00000248437	0	0	0	0	0	0.735	0.900	0.351	0.981
MAPT	UCHL1	9606.ENSP00000340820	9606.ENSP00000284440	0	0	0	0	0.087	0.095	0	0.690	0.721
MAPT	PSEN1	9606.ENSP00000340820	9606.ENSP00000326366	0	0	0	0	0	0.287	0	0.933	0.950
MAPT	PARK7	9606.ENSP00000340820	9606.ENSP00000340278	0	0	0	0	0	0	0	0.772	0.772
MAPT	SNCB	9606.ENSP00000340820	9606.ENSP00000377296	0	0	0	0	0.190	0	0	0.644	0.700
MAPT	VCP	9606.ENSP00000340820	9606.ENSP00000351777	0	0	0	0	0	0.095	0	0.696	0.713
MAPT	TREM2	9606.ENSP00000340820	9606.ENSP00000362205	0	0	0.231	0	0	0	0	0.668	0.733
MAPT	PINK1	9606.ENSP00000340820	9606.ENSP00000364204	0	0	0	0	0.060	0	0	0.751	0.756
MAPT	NEFL	9606.ENSP00000340820	9606.ENSP00000482169	0	0	0	0	0.128	0.108	0	0.761	0.797
MAPT	SQSTM1	9606.ENSP00000340820	9606.ENSP00000374455	0	0	0	0	0	0.510	0	0.683	0.838
MAPT	PSEN2	9606.ENSP00000340820	9606.ENSP00000355747	0	0	0	0	0.044	0	0	0.883	0.883
MAPT	PRNP	9606.ENSP00000340820	9606.ENSP00000399376	0	0	0	0	0	0.333	0	0.833	0.884
MAPT	PRKN	9606.ENSP00000340820	9606.ENSP00000355865	0	0	0	0	0.074	0.623	0	0.789	0.920
MAPT	SNCA	9606.ENSP00000340820	9606.ENSP00000500990	0	0	0	0	0.079	0.817	0	0.970	0.994
MFN2	PARK7	9606.ENSP00000416338	9606.ENSP00000340278	0	0	0	0	0.067	0	0	0.716	0.724
MFN2	VCP	9606.ENSP00000416338	9606.ENSP00000351777	0	0	0	0	0.082	0.678	0	0.399	0.807
MFN2	PRKN	9606.ENSP00000416338	9606.ENSP00000355865	0	0	0	0	0.042	0.918	0.900	0.938	0.999
MFN2	PINK1	9606.ENSP00000416338	9606.ENSP00000364204	0	0	0	0	0.100	0.584	0.900	0.991	0.999
MFN2	SQSTM1	9606.ENSP00000416338	9606.ENSP00000374455	0	0	0	0	0.044	0.129	0.800	0.692	0.941
MFN2	VAPB	9606.ENSP00000416338	9606.ENSP00000417175	0	0	0	0	0.138	0	0	0.855	0.870
MT-ND1	PARK7	9606.ENSP00000354687	9606.ENSP00000340278	0.057	0	0	0	0.067	0.510	0	0.500	0.755
MT-ND1	MT-ND6	9606.ENSP00000354687	9606.ENSP00000354665	0	0	0	0	0.785	0.940	0.851	0.997	0.999
MT-ND1	PINK1	9606.ENSP00000354687	9606.ENSP00000364204	0	0	0	0	0	0	0.650	0.557	0.838
MT-ND1	MT-ND5	9606.ENSP00000354687	9606.ENSP00000354813	0.120	0	0.528	0	0.999	0.988	0.980	0.997	0.999
MT-ND5	MT-ND6	9606.ENSP00000354813	9606.ENSP00000354665	0	0	0	0	0.912	0.961	0.851	0.998	0.999
MT-ND5	PINK1	9606.ENSP00000354813	9606.ENSP00000364204	0	0	0	0	0	0	0.650	0.617	0.860
MT-ND6	TARDBP	9606.ENSP00000354665	9606.ENSP00000240185	0	0	0	0	0	0	0.650	0.501	0.818
MT-ND6	PINK1	9606.ENSP00000354665	9606.ENSP00000364204	0	0	0	0	0	0	0.650	0.654	0.873
MYORG	SLC20A2	9606.ENSP00000297625	9606.ENSP00000429754	0	0	0	0	0.047	0	0	0.812	0.814
NEFL	TARDBP	9606.ENSP00000482169	9606.ENSP00000240185	0	0	0	0	0.056	0.073	0	0.781	0.791
NEFL	SOD1	9606.ENSP00000482169	9606.ENSP00000270142	0	0	0	0	0.042	0.045	0.900	0.775	0.976
NOTCH3	PDGFRB	9606.ENSP00000263388	9606.ENSP00000261799	0	0	0	0	0.164	0	0	0.729	0.764
NOTCH3	PSEN1	9606.ENSP00000263388	9606.ENSP00000326366	0	0	0	0	0	0.131	0.650	0.479	0.827
NOTCH3	PSEN2	9606.ENSP00000263388	9606.ENSP00000355747	0	0	0	0	0	0.131	0.650	0.670	0.891
NPC1	SMPD1	9606.ENSP00000269228	9606.ENSP00000340409	0	0	0	0	0.112	0	0	0.708	0.730
NR4A2	SLC6A3	9606.ENSP00000344479	9606.ENSP00000270349	0	0	0	0	0	0	0	0.788	0.788
NR4A2	SNCA	9606.ENSP00000344479	9606.ENSP00000500990	0	0	0	0	0	0	0	0.748	0.748
NR4A2	SLC18A2	9606.ENSP00000344479	9606.ENSP00000496339	0	0	0	0	0	0	0	0.802	0.802
NR4A2	TH	9606.ENSP00000344479	9606.ENSP00000370571	0	0	0	0	0	0	0	0.837	0.837
OPTN	TARDBP	9606.ENSP00000368022	9606.ENSP00000240185	0	0	0	0	0.055	0.076	0	0.952	0.954
OPTN	TUBA4A	9606.ENSP00000368022	9606.ENSP00000248437	0	0	0	0	0.070	0	0.500	0.480	0.737
OPTN	SOD1	9606.ENSP00000368022	9606.ENSP00000270142	0	0	0	0	0.082	0.510	0	0.872	0.937
OPTN	TBK1	9606.ENSP00000368022	9606.ENSP00000329967	0	0	0	0	0.072	0.991	0.900	0.994	0.999
OPTN	UBQLN2	9606.ENSP00000368022	9606.ENSP00000345195	0	0	0	0	0.080	0.247	0	0.939	0.954
OPTN	VCP	9606.ENSP00000368022	9606.ENSP00000351777	0	0	0	0	0.047	0.213	0	0.762	0.805
OPTN	PRKN	9606.ENSP00000368022	9606.ENSP00000355865	0	0	0	0	0	0.469	0	0.659	0.811
OPTN	PINK1	9606.ENSP00000368022	9606.ENSP00000364204	0	0	0	0	0.127	0	0	0.884	0.894
OPTN	VAPB	9606.ENSP00000368022	9606.ENSP00000417175	0	0	0	0	0.042	0	0	0.799	0.799
OPTN	SQSTM1	9606.ENSP00000368022	9606.ENSP00000374455	0	0	0	0	0.058	0.438	0	0.991	0.994
PACRG	PRKN	9606.ENSP00000337946	9606.ENSP00000355865	0	0	0	0	0.085	0.292	0	0.878	0.914
PANK2	WDR45	9606.ENSP00000313377	9606.ENSP00000348848	0	0	0	0	0.060	0	0	0.711	0.717
PANK2	PLA2G6	9606.ENSP00000313377	9606.ENSP00000333142	0	0	0	0	0.049	0	0	0.958	0.958
PARK7	STUB1	9606.ENSP00000340278	9606.ENSP00000219548	0	0	0	0	0.139	0.292	0	0.729	0.820
PARK7	SNCAIP	9606.ENSP00000340278	9606.ENSP00000261367	0.043	0	0	0	0	0.053	0	0.701	0.705
PARK7	SOD1	9606.ENSP00000340278	9606.ENSP00000270142	0.055	0	0	0	0.815	0.643	0.792	0.819	0.997
PARK7	UCHL1	9606.ENSP00000340278	9606.ENSP00000284440	0	0	0	0	0.060	0.162	0	0.822	0.848
PARK7	VPS35	9606.ENSP00000340278	9606.ENSP00000299138	0	0	0	0	0.109	0	0	0.831	0.843
PARK7	PLA2G6	9606.ENSP00000340278	9606.ENSP00000333142	0.061	0	0	0	0	0	0	0.811	0.815
PARK7	SQSTM1	9606.ENSP00000340278	9606.ENSP00000374455	0	0	0	0	0.054	0.292	0	0.640	0.737
PARK7	VCP	9606.ENSP00000340278	9606.ENSP00000351777	0	0	0	0	0.111	0.248	0.500	0.399	0.772
PARK7	PTEN	9606.ENSP00000340278	9606.ENSP00000361021	0	0	0	0	0.044	0.665	0	0.770	0.920
PARK7	SNCA	9606.ENSP00000340278	9606.ENSP00000500990	0	0	0	0	0	0.631	0	0.985	0.994
PARK7	PINK1	9606.ENSP00000340278	9606.ENSP00000364204	0	0	0	0	0	0.527	0	0.999	0.999
PARK7	PRKN	9606.ENSP00000340278	9606.ENSP00000355865	0	0	0	0	0	0.735	0.500	0.996	0.999
PDGFB	PDGFRB	9606.ENSP00000330382	9606.ENSP00000261799	0	0	0	0	0.065	0.983	0.900	0.999	0.999
PDGFRB	PTEN	9606.ENSP00000261799	9606.ENSP00000361021	0	0	0	0	0	0.774	0	0.789	0.950
PINK1	SNCAIP	9606.ENSP00000364204	9606.ENSP00000261367	0	0	0	0	0	0.236	0	0.695	0.757
PINK1	UCHL1	9606.ENSP00000364204	9606.ENSP00000284440	0	0	0	0	0.042	0	0	0.788	0.788
PINK1	VPS35	9606.ENSP00000364204	9606.ENSP00000299138	0	0	0	0	0.042	0.088	0	0.846	0.854
PINK1	PLA2G6	9606.ENSP00000364204	9606.ENSP00000333142	0	0	0	0	0	0	0	0.800	0.800
PINK1	VCP	9606.ENSP00000364204	9606.ENSP00000351777	0	0	0	0	0.044	0.340	0	0.672	0.775
PINK1	PRKN	9606.ENSP00000364204	9606.ENSP00000355865	0	0	0	0	0	0.979	0.900	0.999	0.999
PINK1	PTEN	9606.ENSP00000364204	9606.ENSP00000361021	0	0	0	0	0.044	0.174	0	0.691	0.735
PINK1	SNCA	9606.ENSP00000364204	9606.ENSP00000500990	0	0	0	0	0.128	0.518	0	0.947	0.975
PINK1	SQSTM1	9606.ENSP00000364204	9606.ENSP00000374455	0	0	0	0	0.063	0.385	0.500	0.937	0.979
PLA2G6	SPG11	9606.ENSP00000333142	9606.ENSP00000261866	0	0	0	0	0.049	0	0	0.714	0.716
PLA2G6	UCHL1	9606.ENSP00000333142	9606.ENSP00000284440	0	0	0	0	0	0	0	0.704	0.704
PLA2G6	VPS35	9606.ENSP00000333142	9606.ENSP00000299138	0	0	0	0	0.074	0.095	0	0.750	0.773
PLA2G6	VPS13C	9606.ENSP00000333142	9606.ENSP00000493560	0	0	0	0	0.074	0	0	0.700	0.710
PLA2G6	SYNJ1	9606.ENSP00000333142	9606.ENSP00000409667	0	0	0	0	0.053	0	0	0.721	0.724
POLG	TWNK	9606.ENSP00000399851	9606.ENSP00000309595	0	0	0	0	0.102	0	0	0.995	0.996
PRKN	STUB1	9606.ENSP00000355865	9606.ENSP00000219548	0	0	0	0	0	0.658	0	0.849	0.946
PRKN	TARDBP	9606.ENSP00000355865	9606.ENSP00000240185	0	0	0	0	0	0.601	0.900	0.644	0.984
PRKN	SNCAIP	9606.ENSP00000355865	9606.ENSP00000261367	0	0	0	0	0	0.838	0.900	0.997	0.999
PRKN	SLC6A3	9606.ENSP00000355865	9606.ENSP00000270349	0	0	0	0	0	0.305	0	0.778	0.839
PRKN	UCHL1	9606.ENSP00000355865	9606.ENSP00000284440	0	0	0	0	0	0.563	0	0.913	0.960
PRKN	VPS35	9606.ENSP00000355865	9606.ENSP00000299138	0	0	0	0	0	0.359	0	0.898	0.932
PRKN	PSEN1	9606.ENSP00000355865	9606.ENSP00000326366	0	0	0	0	0	0	0	0.759	0.759
PRKN	VCP	9606.ENSP00000355865	9606.ENSP00000351777	0	0	0	0	0	0.753	0.500	0.463	0.928
PRKN	TH	9606.ENSP00000355865	9606.ENSP00000370571	0	0	0	0	0	0	0	0.764	0.764
PRKN	SQSTM1	9606.ENSP00000355865	9606.ENSP00000374455	0	0	0	0	0	0.775	0.500	0.900	0.987
PRKN	SNCA	9606.ENSP00000355865	9606.ENSP00000500990	0	0	0	0	0	0.832	0.900	0.999	0.999
PRNP	TTR	9606.ENSP00000399376	9606.ENSP00000237014	0	0	0	0	0.064	0.099	0	0.805	0.821
PRNP	TARDBP	9606.ENSP00000399376	9606.ENSP00000240185	0	0	0	0	0.058	0.073	0	0.874	0.880
PRNP	SOD1	9606.ENSP00000399376	9606.ENSP00000270142	0	0	0	0	0.073	0.045	0	0.730	0.740
PRNP	PSEN1	9606.ENSP00000399376	9606.ENSP00000326366	0	0	0	0	0.044	0.094	0	0.811	0.822
PRNP	PSEN2	9606.ENSP00000399376	9606.ENSP00000355747	0	0	0	0	0	0.094	0	0.757	0.771
PRNP	SNCA	9606.ENSP00000399376	9606.ENSP00000500990	0	0	0	0	0.056	0	0	0.983	0.984
PSAP	SMPD1	9606.ENSP00000378394	9606.ENSP00000340409	0	0	0	0	0.097	0	0	0.757	0.771
PSEN1	TARDBP	9606.ENSP00000326366	9606.ENSP00000240185	0	0	0	0	0.067	0	0	0.693	0.702
PSEN1	SORL1	9606.ENSP00000326366	9606.ENSP00000260197	0	0	0	0	0.064	0	0	0.778	0.784
PSEN1	UBQLN2	9606.ENSP00000326366	9606.ENSP00000345195	0	0	0	0	0.104	0.105	0	0.655	0.700
PSEN1	TREM2	9606.ENSP00000326366	9606.ENSP00000362205	0	0	0	0	0.042	0.292	0	0.800	0.853
PSEN1	SNCA	9606.ENSP00000326366	9606.ENSP00000500990	0	0	0	0	0	0	0	0.865	0.865
PSEN1	PSEN2	9606.ENSP00000326366	9606.ENSP00000355747	0	0	0.058	0.965	0.049	0.994	0.900	0.983	0.999
PSEN2	SORL1	9606.ENSP00000355747	9606.ENSP00000260197	0	0	0	0	0	0	0	0.778	0.778
PSEN2	TREM2	9606.ENSP00000355747	9606.ENSP00000362205	0	0	0	0	0.042	0	0	0.752	0.752
PTEN	STUB1	9606.ENSP00000361021	9606.ENSP00000219548	0	0	0	0	0.076	0.743	0.400	0.407	0.904
PTEN	SYNJ1	9606.ENSP00000361021	9606.ENSP00000409667	0	0	0	0	0.044	0.045	0.900	0.333	0.930
RAB29	VPS35	9606.ENSP00000356107	9606.ENSP00000299138	0	0	0	0	0.064	0	0	0.749	0.755
RAB29	SNCA	9606.ENSP00000356107	9606.ENSP00000500990	0	0	0	0	0	0	0	0.748	0.748
RAB39B	SQSTM1	9606.ENSP00000358466	9606.ENSP00000374455	0	0	0	0	0	0.292	0.900	0.562	0.966
SGCE	THAP1	9606.ENSP00000496268	9606.ENSP00000254250	0	0	0	0	0.044	0	0	0.852	0.852
SGCE	TOR1A	9606.ENSP00000496268	9606.ENSP00000345719	0	0	0	0	0	0	0	0.939	0.939
SIGMAR1	VAPB	9606.ENSP00000277010	9606.ENSP00000417175	0	0	0	0	0.049	0	0	0.710	0.712
SLC18A2	SLC6A3	9606.ENSP00000496339	9606.ENSP00000270349	0	0	0	0	0.140	0.296	0	0.949	0.966
SLC18A2	TH	9606.ENSP00000496339	9606.ENSP00000370571	0	0	0	0	0	0.095	0	0.964	0.966
SLC18A2	SNCA	9606.ENSP00000496339	9606.ENSP00000500990	0	0	0	0	0.044	0	0.900	0.805	0.979
SLC20A2	XPR1	9606.ENSP00000429754	9606.ENSP00000356562	0	0	0	0	0.060	0	0	0.892	0.894
SLC30A10	SLC39A14	9606.ENSP00000355893	9606.ENSP00000370635	0.054	0	0	0	0.057	0.092	0	0.800	0.816
SLC6A3	SNCAIP	9606.ENSP00000270349	9606.ENSP00000261367	0	0	0	0	0	0	0	0.749	0.749
SLC6A3	TH	9606.ENSP00000270349	9606.ENSP00000370571	0	0	0	0	0.147	0	0	0.944	0.950
SLC6A3	SNCA	9606.ENSP00000270349	9606.ENSP00000500990	0	0	0	0	0.058	0.829	0	0.980	0.996
SNCA	STUB1	9606.ENSP00000500990	9606.ENSP00000219548	0	0	0	0	0	0.625	0	0.676	0.873
SNCA	TTR	9606.ENSP00000500990	9606.ENSP00000237014	0	0	0	0	0.064	0	0.400	0.597	0.753
SNCA	TARDBP	9606.ENSP00000500990	9606.ENSP00000240185	0	0	0	0	0	0.063	0	0.994	0.994
SNCA	SNCAIP	9606.ENSP00000500990	9606.ENSP00000261367	0	0	0	0	0.049	0.876	0.700	0.998	0.999
SNCA	SOD1	9606.ENSP00000500990	9606.ENSP00000270142	0	0	0	0	0.053	0.292	0	0.859	0.897
SNCA	UCHL1	9606.ENSP00000500990	9606.ENSP00000284440	0	0	0	0	0.089	0.292	0	0.940	0.957
SNCA	VPS35	9606.ENSP00000500990	9606.ENSP00000299138	0	0	0	0	0	0	0	0.778	0.778
SNCA	TOR1A	9606.ENSP00000500990	9606.ENSP00000345719	0	0	0	0	0	0.322	0	0.715	0.798
SNCA	TH	9606.ENSP00000500990	9606.ENSP00000370571	0	0	0	0	0	0.095	0.900	0.975	0.997
SNCA	SQSTM1	9606.ENSP00000500990	9606.ENSP00000374455	0	0	0	0	0.042	0.611	0	0.727	0.889
SNCA	SNCB	9606.ENSP00000500990	9606.ENSP00000377296	0	0	0	0.947	0.146	0.577	0	0.562	0.828
SNCAIP	SNCB	9606.ENSP00000261367	9606.ENSP00000377296	0	0	0	0	0	0.292	0	0.655	0.745
SNCB	UCHL1	9606.ENSP00000377296	9606.ENSP00000284440	0	0	0	0	0.191	0	0	0.667	0.719
SOD1	TARDBP	9606.ENSP00000270142	9606.ENSP00000240185	0	0	0	0	0.077	0	0	0.989	0.989
SOD1	VCP	9606.ENSP00000270142	9606.ENSP00000351777	0	0	0	0	0.055	0.161	0	0.735	0.772
SOD1	UBQLN2	9606.ENSP00000270142	9606.ENSP00000345195	0	0	0	0	0.060	0.061	0	0.844	0.851
SOD1	VAPB	9606.ENSP00000270142	9606.ENSP00000417175	0	0	0	0	0.091	0.071	0	0.841	0.854
SOD1	SQSTM1	9606.ENSP00000270142	9606.ENSP00000374455	0	0	0	0	0.053	0.251	0	0.884	0.910
SORL1	TREM2	9606.ENSP00000260197	9606.ENSP00000362205	0	0	0	0	0.068	0	0	0.719	0.727
SORL1	VPS35	9606.ENSP00000260197	9606.ENSP00000299138	0	0	0	0	0.054	0.412	0	0.796	0.877
SPAST	SPG11	9606.ENSP00000320885	9606.ENSP00000261866	0	0	0	0	0.060	0	0	0.935	0.936
SPAST	WASHC5	9606.ENSP00000320885	9606.ENSP00000318016	0	0	0	0	0.049	0	0	0.888	0.889
SPG11	WASHC5	9606.ENSP00000261866	9606.ENSP00000318016	0	0	0	0	0.173	0	0	0.669	0.714
SPG11	SPG7	9606.ENSP00000261866	9606.ENSP00000495795	0	0	0	0	0.044	0	0	0.956	0.957
SPR	TH	9606.ENSP00000234454	9606.ENSP00000370571	0	0	0	0	0.055	0	0.913	0.653	0.969
SQSTM1	TARDBP	9606.ENSP00000374455	9606.ENSP00000240185	0	0	0	0	0.042	0.469	0	0.910	0.950
SQSTM1	TBK1	9606.ENSP00000374455	9606.ENSP00000329967	0	0	0	0	0.056	0.759	0.900	0.821	0.995
SQSTM1	UBQLN2	9606.ENSP00000374455	9606.ENSP00000345195	0	0	0	0	0.067	0.252	0	0.729	0.794
SQSTM1	VCP	9606.ENSP00000374455	9606.ENSP00000351777	0	0	0	0	0.101	0.329	0	0.824	0.884
STUB1	VCP	9606.ENSP00000219548	9606.ENSP00000351777	0	0	0	0	0.049	0.518	0	0.623	0.812
SYNJ1	VPS35	9606.ENSP00000409667	9606.ENSP00000299138	0	0	0	0	0	0.063	0	0.740	0.746
SYNJ1	VPS13C	9606.ENSP00000409667	9606.ENSP00000493560	0	0	0	0	0.043	0.131	0	0.671	0.702
TAF1	TBP	9606.ENSP00000406549	9606.ENSP00000230354	0	0	0	0	0.049	0.999	0.900	0.998	0.999
TARDBP	TBK1	9606.ENSP00000240185	9606.ENSP00000329967	0	0	0	0	0.075	0.071	0	0.711	0.730
TARDBP	VAPB	9606.ENSP00000240185	9606.ENSP00000417175	0	0	0	0	0.075	0.071	0	0.883	0.891
TARDBP	VCP	9606.ENSP00000240185	9606.ENSP00000351777	0	0	0	0	0.154	0.379	0	0.938	0.964
TARDBP	UBQLN2	9606.ENSP00000240185	9606.ENSP00000345195	0	0	0	0	0.111	0.420	0	0.943	0.968
TBK1	UBQLN2	9606.ENSP00000329967	9606.ENSP00000345195	0	0	0	0	0.049	0.398	0	0.674	0.797
THAP1	TOR1A	9606.ENSP00000254250	9606.ENSP00000345719	0	0	0	0	0.049	0.292	0	0.958	0.969
UBQLN2	VAPB	9606.ENSP00000345195	9606.ENSP00000417175	0	0	0	0	0.138	0	0	0.715	0.743
UBQLN2	VCP	9606.ENSP00000345195	9606.ENSP00000351777	0	0	0	0	0.119	0.283	0	0.910	0.938
VAPB	VCP	9606.ENSP00000417175	9606.ENSP00000351777	0	0	0	0	0.068	0.330	0	0.689	0.789
VPS13C	VPS35	9606.ENSP00000493560	9606.ENSP00000299138	0	0	0	0	0.118	0.125	0	0.751	0.791
VPS35	WASHC5	9606.ENSP00000299138	9606.ENSP00000318016	0	0	0	0	0.065	0.487	0	0.806	0.898
